{"cameraMode":{"drawMode":0,"name":"Shaded","section":"Shading Mode"},"sceneLighting":true,"audioPlay":false,"sceneViewState":{"m_AlwaysRefresh":false,"showFog":true,"showSkybox":true,"showFlares":true,"showImageEffects":true,"showParticleSystems":true,"showVisualEffectGraphs":true,"m_FxEnabled":true},"in2DMode":false,"pivot":{"x":0.5228889584541321,"y":-0.022852981463074685,"z":-0.19961941242218018},"rotation":{"x":-0.18394143879413606,"y":0.5809856653213501,"z":-0.13683472573757173,"w":-0.7809776067733765},"size":1.821424961090088,"orthographic":false}